{"mean": [54.36707317073171, 131.72439024390243, 245.05121951219513, 149.35121951219512, 1.0402439024390244], "std": [9.161325855664694, 17.607707299234463, 49.638078528244876, 22.913699405901475, 1.1404277926583943]}